{
  "main": {
    "id": "26c272a66dfe149c",
    "type": "split",
    "children": [
      {
        "id": "8112dbe8b1f191c3",
        "type": "tabs",
        "children": [
          {
            "id": "5afcfbb3e26f45cb",
            "type": "leaf",
            "state": {
              "type": "markdown",
              "state": {
                "file": "Vault Guide.md",
                "mode": "source",
                "source": false
              },
              "icon": "lucide-file",
              "title": "Vault Guide"
            }
          }
        ]
      }
    ],
    "direction": "vertical"
  },
  "left": {
    "id": "55f8ef32e91add25",
    "type": "split",
    "children": [
      {
        "id": "1868a986e9b9fb7e",
        "type": "tabs",
        "children": [
          {
            "id": "ccd7d6ec86794e71",
            "type": "leaf",
            "state": {
              "type": "file-explorer",
              "state": {
                "sortOrder": "alphabetical",
                "autoReveal": false
              },
              "icon": "lucide-folder-closed",
              "title": "Files"
            }
          },
          {
            "id": "1ab63032fa36a54d",
            "type": "leaf",
            "state": {
              "type": "search",
              "state": {
                "query": "",
                "matchingCase": false,
                "explainSearch": false,
                "collapseAll": false,
                "extraContext": false,
                "sortOrder": "alphabetical"
              },
              "icon": "lucide-search",
              "title": "Search"
            }
          },
          {
            "id": "44b927927b542e21",
            "type": "leaf",
            "state": {
              "type": "bookmarks",
              "state": {},
              "icon": "lucide-bookmark",
              "title": "Bookmarks"
            }
          }
        ]
      }
    ],
    "direction": "horizontal",
    "width": 300
  },
  "right": {
    "id": "0692caf2f9daf855",
    "type": "split",
    "children": [
      {
        "id": "be3f5536de7e9915",
        "type": "tabs",
        "children": [
          {
            "id": "51b08f1fb7e6075d",
            "type": "leaf",
            "state": {
              "type": "backlink",
              "state": {
                "collapseAll": false,
                "extraContext": false,
                "sortOrder": "alphabetical",
                "showSearch": false,
                "searchQuery": "",
                "backlinkCollapsed": false,
                "unlinkedCollapsed": true
              },
              "icon": "links-coming-in",
              "title": "Backlinks"
            }
          },
          {
            "id": "e44b2741a72497db",
            "type": "leaf",
            "state": {
              "type": "outgoing-link",
              "state": {
                "linksCollapsed": false,
                "unlinkedCollapsed": true
              },
              "icon": "links-going-out",
              "title": "Outgoing links"
            }
          },
          {
            "id": "f2c7c24c91b72b1f",
            "type": "leaf",
            "state": {
              "type": "tag",
              "state": {
                "sortOrder": "frequency",
                "useHierarchy": true,
                "showSearch": false,
                "searchQuery": ""
              },
              "icon": "lucide-tags",
              "title": "Tags"
            }
          },
          {
            "id": "165d873f60f5752b",
            "type": "leaf",
            "state": {
              "type": "outline",
              "state": {
                "followCursor": false,
                "showSearch": false,
                "searchQuery": ""
              },
              "icon": "lucide-list",
              "title": "Outline"
            }
          }
        ]
      }
    ],
    "direction": "horizontal",
    "width": 300,
    "collapsed": true
  },
  "left-ribbon": {
    "hiddenItems": {
      "dbfolder:Create a new database table": false,
      "switcher:Open quick switcher": false,
      "graph:Open graph view": false,
      "canvas:Create new canvas": false,
      "daily-notes:Open today's daily note": false,
      "templates:Insert template": false,
      "command-palette:Open command palette": false,
      "bases:Create new base": false
    }
  },
  "active": "5afcfbb3e26f45cb",
  "lastOpenFiles": [
    "⭐Hub.md",
    "Vault Guide.md",
    "Campaign/16. Notes/📝 Note Database (WIP).md",
    "Campaign/14. Literature/📝 Literature Database (WIP).md",
    "Campaign/11. Keyed Locations/📝 Keyed Location Database (WIP).md",
    "Campaign/09. Points of Interest/📝 Point of Interest Database (WIP).md",
    "Campaign/08. Landmarks/🏰Landmark Database (WIP).md",
    "Campaign/07. Districts/📝 District Database (WIP).md",
    "Campaign/00. Parties/3. Quests/📝 Quest Database (WIP).md",
    "Campaign/01. Lore/📝 Lore Database (WIP).md",
    "Campaign/02. Deities/📝 Deity Database (WIP).md",
    "Campaign/03. Planes/📝 Plane Database (WIP).md",
    "Campaign/04. Countries/🗺️ Country Database.md",
    "Campaign/05. Areas/📝 Area Database (WIP).md",
    "Campaign/06. Cities/🌁 City Database.md",
    "Campaign/00. Parties/4. Service Request/📝 Service Request Database (WIP).md",
    "Campaign/00. Parties/2. Session Log/📝 Session Note Database.md",
    "z_Assets/Misc/Terra-Logger_Logo.png"
  ]
}