{
  "main": {
    "id": "26c272a66dfe149c",
    "type": "split",
    "children": [
      {
        "id": "05ec1606948f83e3",
        "type": "tabs",
        "children": [
          {
            "id": "940f8ec2186fd032",
            "type": "leaf",
            "state": {
              "type": "markdown",
              "state": {
                "file": "Welcome.md",
                "mode": "preview",
                "source": false
              },
              "icon": "lucide-file",
              "title": "Welcome"
            }
          }
        ]
      }
    ],
    "direction": "vertical"
  },
  "left": {
    "id": "55f8ef32e91add25",
    "type": "split",
    "children": [
      {
        "id": "1868a986e9b9fb7e",
        "type": "tabs",
        "children": [
          {
            "id": "8ad772801f269722",
            "type": "leaf",
            "state": {
              "type": "file-explorer",
              "state": {
                "sortOrder": "alphabetical",
                "autoReveal": false
              },
              "icon": "lucide-folder-closed",
              "title": "Files"
            }
          },
          {
            "id": "1ab63032fa36a54d",
            "type": "leaf",
            "state": {
              "type": "search",
              "state": {
                "query": "service request",
                "matchingCase": true,
                "explainSearch": false,
                "collapseAll": false,
                "extraContext": false,
                "sortOrder": "alphabetical"
              },
              "icon": "lucide-search",
              "title": "Search"
            }
          }
        ]
      }
    ],
    "direction": "horizontal",
    "width": 283.5
  },
  "right": {
    "id": "0692caf2f9daf855",
    "type": "split",
    "children": [
      {
        "id": "be3f5536de7e9915",
        "type": "tabs",
        "children": [
          {
            "id": "51b08f1fb7e6075d",
            "type": "leaf",
            "state": {
              "type": "backlink",
              "state": {
                "collapseAll": false,
                "extraContext": false,
                "sortOrder": "alphabetical",
                "showSearch": false,
                "searchQuery": "",
                "backlinkCollapsed": false,
                "unlinkedCollapsed": true
              },
              "icon": "links-coming-in",
              "title": "Backlinks"
            }
          },
          {
            "id": "e44b2741a72497db",
            "type": "leaf",
            "state": {
              "type": "outgoing-link",
              "state": {
                "linksCollapsed": false,
                "unlinkedCollapsed": true
              },
              "icon": "links-going-out",
              "title": "Outgoing links"
            }
          },
          {
            "id": "f2c7c24c91b72b1f",
            "type": "leaf",
            "state": {
              "type": "tag",
              "state": {
                "sortOrder": "frequency",
                "useHierarchy": true,
                "showSearch": false,
                "searchQuery": ""
              },
              "icon": "lucide-tags",
              "title": "Tags"
            }
          },
          {
            "id": "165d873f60f5752b",
            "type": "leaf",
            "state": {
              "type": "outline",
              "state": {
                "followCursor": false,
                "showSearch": false,
                "searchQuery": ""
              },
              "icon": "lucide-list",
              "title": "Outline"
            }
          }
        ]
      }
    ],
    "direction": "horizontal",
    "width": 300,
    "collapsed": true
  },
  "left-ribbon": {
    "hiddenItems": {
      "switcher:Open quick switcher": false,
      "graph:Open graph view": false,
      "canvas:Create new canvas": false,
      "templates:Insert template": false,
      "command-palette:Open command palette": false,
      "bases:Create new base": false
    }
  },
  "active": "940f8ec2186fd032",
  "lastOpenFiles": [
    "z_Templates/Terra-Logger/people/Template - Party.md",
    "World/00. Parties/0. Party Hubs/🎊Party Database.md",
    "z_Templates/Terra-Logger/Party Dashboard (WIP).md",
    "z_Templates/Terra-Logger/economy/Template - Shop Service.md",
    "z_Templates/Terra-Logger/economy/Template - Service Request.md",
    "z_Templates/Terra-Logger/notes/Template - Session Notes.md",
    "z_Templates/Terra-Logger/world/Template - Quest.md",
    "World/00. Parties/4. Service Request/🎫 Service Request Database.md",
    "⭐Hub.md",
    "ToDo.md",
    "Guides/05. Templates.md",
    "z_Templates/Terra-Logger/Terra-Logger.md",
    "Welcome.md",
    "World/00. Parties/1. Characters/🧙‍♂️ Player Database.md",
    "World/00. Parties/2. Session Log/📝 Session Note Database.md",
    "World/00. Parties/3. Quests/❗ Quest Database.md",
    "World/01. Lore/📝 Lore Database.md",
    "World/02. Deities/🧞‍♀️ Deity Database.md",
    "World/03. Planes/📝 Plane Database.md",
    "World/04. Countries/🗺️ Country Database.md",
    "World/05. Areas/🌄 Area Database.md",
    "World/06. Cities/🌁 City Database.md",
    "World/07. Districts/🪧 District Database.md",
    "World/08. Landmarks/🏰 Landmark Database.md",
    "World/09. Points of Interest/❓ POI Database.md",
    "World/10. Shops & Services/💲 Shop & Service Database.md",
    "z_Assets/Banners/Culture-Banner.jpg",
    "z_Assets/Banners/NotesMain-Banner.jpg",
    "z_Assets/Banners/Adventure-Banner.jpg",
    "z_Assets/Banners/Military-Banner.jpg",
    "z_Assets/Banners/Letter-Banner.jpg",
    "z_Assets/Banners/LoreMain-Banner.jpg",
    "z_Assets/Banners/Literature-Banner.jpg",
    "z_Assets/Banners/KeyedLocation-Banner.jpg",
    "z_Assets/Banners/District-Banner.jpg",
    "z_Assets/Banners/Area-Banner.jpg",
    "Untitled",
    "🎊Party Database.base",
    "Output.txt",
    "z_Canvas/Untitled.canvas",
    "z_Assets/Banners",
    "z_Assets/banners",
    "z_Templates/Terra-Logger Templates/world",
    "z_Templates/Terra-Logger Templates/New folder",
    "z_Templates/Terra-Logger Templates/people",
    "z_Templates/Terra-Logger Templates/People",
    "z_Templates/Terra-Logger Templates/economy"
  ]
}