{
  "main": {
    "id": "7ec56e6c58f1e135",
    "type": "split",
    "children": [
      {
        "id": "dfce5ba966d9f684",
        "type": "tabs",
        "children": [
          {
            "id": "bd8c795abcd9c273",
            "type": "leaf",
            "state": {
              "type": "markdown",
              "state": {
                "file": "Welcome.md",
                "mode": "preview",
                "source": false
              },
              "icon": "lucide-file",
              "title": "Welcome"
            }
          },
          {
            "id": "24303d14569b0b13",
            "type": "leaf",
            "state": {
              "type": "markdown",
              "state": {
                "file": "Credits.md",
                "mode": "preview",
                "source": false
              },
              "icon": "lucide-file",
              "title": "Credits"
            }
          }
        ]
      }
    ],
    "direction": "vertical"
  },
  "left": {
    "id": "66220d54d06ada20",
    "type": "split",
    "children": [
      {
        "id": "2f03f01a7473812c",
        "type": "tabs",
        "children": [
          {
            "id": "0a7417beff9fa612",
            "type": "leaf",
            "state": {
              "type": "file-explorer",
              "state": {
                "sortOrder": "alphabetical",
                "autoReveal": false
              },
              "icon": "lucide-folder-closed",
              "title": "Files"
            }
          },
          {
            "id": "3a1800a7855be450",
            "type": "leaf",
            "state": {
              "type": "search",
              "state": {
                "query": "",
                "matchingCase": false,
                "explainSearch": false,
                "collapseAll": false,
                "extraContext": false,
                "sortOrder": "alphabetical"
              },
              "icon": "lucide-search",
              "title": "Search"
            }
          }
        ]
      }
    ],
    "direction": "horizontal",
    "width": 300
  },
  "right": {
    "id": "ca0146f94e0220c7",
    "type": "split",
    "children": [
      {
        "id": "c28f390ae712a036",
        "type": "tabs",
        "children": [
          {
            "id": "8c10eb8645951c71",
            "type": "leaf",
            "state": {
              "type": "backlink",
              "state": {
                "file": "Welcome.md",
                "collapseAll": false,
                "extraContext": false,
                "sortOrder": "alphabetical",
                "showSearch": false,
                "searchQuery": "",
                "backlinkCollapsed": false,
                "unlinkedCollapsed": true
              },
              "icon": "links-coming-in",
              "title": "Backlinks for Welcome"
            }
          },
          {
            "id": "fafef4efd2c44582",
            "type": "leaf",
            "state": {
              "type": "outgoing-link",
              "state": {
                "file": "Welcome.md",
                "linksCollapsed": false,
                "unlinkedCollapsed": true
              },
              "icon": "links-going-out",
              "title": "Outgoing links from Welcome"
            }
          },
          {
            "id": "0989667d0168edc0",
            "type": "leaf",
            "state": {
              "type": "tag",
              "state": {
                "sortOrder": "frequency",
                "useHierarchy": true,
                "showSearch": false,
                "searchQuery": ""
              },
              "icon": "lucide-tags",
              "title": "Tags"
            }
          },
          {
            "id": "a8732a5055dbfa8d",
            "type": "leaf",
            "state": {
              "type": "outline",
              "state": {
                "file": "Welcome.md",
                "followCursor": false,
                "showSearch": false,
                "searchQuery": ""
              },
              "icon": "lucide-list",
              "title": "Outline of Welcome"
            }
          }
        ]
      }
    ],
    "direction": "horizontal",
    "width": 300,
    "collapsed": true
  },
  "left-ribbon": {
    "hiddenItems": {
      "switcher:Open quick switcher": false,
      "graph:Open graph view": false,
      "canvas:Create new canvas": false,
      "templates:Insert template": false,
      "command-palette:Open command palette": false,
      "bases:Create new base": false
    }
  },
  "active": "bd8c795abcd9c273",
  "lastOpenFiles": [
    "Credits.md",
    "Guides/03. Terra-Logger Callouts.md",
    "Guides/02. BoT Inspired Callouts.md",
    "Welcome.md",
    "Vault.zip",
    "BoTi Vault.zip"
  ]
}